rank,node_id,facility_name,province,longitude,latitude,crs,precision,scenario_id,purpose,throughput_label,assigned_tonnes_per_reporting_period,reporting_period_start,reporting_period_end,inventory_label,stored_tonnes,airflow_m3_s,requirement_label,electrical_kw,electricity_kwh_one_cycle,supply_state,gap_bucket,gap_label,capacity_minus_requirement_kw,ranking_method,verification_question,disclaimer,storage_capacity_tonnes,storage_capacity_label,capacity_minus_requirement_label,supply_documentation_scope,ranking_label,source_ids,registry_as_of,registry_licence,production_as_of,production_licence,scenario_as_of
1,ca:node:2729912e-d7bd-59a1-91d3-9fa3db0d5dce,Dixon,SK,-105.277930304,52.2050041470001,EPSG:4326,P2,phase3-engineering-v1,temporary_engineering,ESTIMATED,184751.06666666665,2024-01-01,2024-12-31,ESTIMATED,15185.019178082192,30.370038356164383,ESTIMATED,28.12040588533739,4218.060882800609,no_documented_asset,undocumented_supply,INFERRED,,scenario_kw_descending_then_node_id,"Confirm location/licensing and wheat inventory/residence; what fan airflow, static pressure, motor kW and cycle hours are documented?","TEMPORARY ENGINEERING SCENARIO. Real source locations and production, hypothetical assignment/inventory/fan duty. Parameters and methods are not human-approved for scientific use. No claim of actual electricity use, installed fans, viability or field validation.",42900.0,OBSERVED,UNKNOWN,"AAFC 2024 primary elevator/storage registry only; no fan inventory, grid audit, operator confirmation or private verification used",INFERRED,aafc-elevators-2024;scenario:phase3-engineering-v1;statcan-32100002-20261007,2024-01-01,Open Government Licence - Canada,2024-01-01,Statistics Canada Open Licence,2026-10-07
2,ca:node:585f76c3-6260-54c2-bd33-ee54a0e4c68b,Melfort,SK,-104.6546904,52.8478706990001,EPSG:4326,P2,phase3-engineering-v1,temporary_engineering,ESTIMATED,184751.06666666665,2024-01-01,2024-12-31,ESTIMATED,15185.019178082192,30.370038356164383,ESTIMATED,28.12040588533739,4218.060882800609,no_documented_asset,undocumented_supply,INFERRED,,scenario_kw_descending_then_node_id,"Confirm location/licensing and wheat inventory/residence; what fan airflow, static pressure, motor kW and cycle hours are documented?","TEMPORARY ENGINEERING SCENARIO. Real source locations and production, hypothetical assignment/inventory/fan duty. Parameters and methods are not human-approved for scientific use. No claim of actual electricity use, installed fans, viability or field validation.",49440.0,OBSERVED,UNKNOWN,"AAFC 2024 primary elevator/storage registry only; no fan inventory, grid audit, operator confirmation or private verification used",INFERRED,aafc-elevators-2024;scenario:phase3-engineering-v1;statcan-32100002-20261007,2024-01-01,Open Government Licence - Canada,2024-01-01,Statistics Canada Open Licence,2026-10-07
3,ca:node:5ad5381e-18d4-5b6d-a4fa-5870154b7028,Melfort,SK,-104.6464851,52.8398524500001,EPSG:4326,P2,phase3-engineering-v1,temporary_engineering,ESTIMATED,184751.06666666665,2024-01-01,2024-12-31,ESTIMATED,15185.019178082192,30.370038356164383,ESTIMATED,28.12040588533739,4218.060882800609,no_documented_asset,undocumented_supply,INFERRED,,scenario_kw_descending_then_node_id,"Confirm location/licensing and wheat inventory/residence; what fan airflow, static pressure, motor kW and cycle hours are documented?","TEMPORARY ENGINEERING SCENARIO. Real source locations and production, hypothetical assignment/inventory/fan duty. Parameters and methods are not human-approved for scientific use. No claim of actual electricity use, installed fans, viability or field validation.",31140.0,OBSERVED,UNKNOWN,"AAFC 2024 primary elevator/storage registry only; no fan inventory, grid audit, operator confirmation or private verification used",INFERRED,aafc-elevators-2024;scenario:phase3-engineering-v1;statcan-32100002-20261007,2024-01-01,Open Government Licence - Canada,2024-01-01,Statistics Canada Open Licence,2026-10-07
4,ca:node:6cad1aa0-64b3-5782-8565-82ed426dd81a,Humboldt,SK,-105.039914099,52.1926151110001,EPSG:4326,P2,phase3-engineering-v1,temporary_engineering,ESTIMATED,184751.06666666665,2024-01-01,2024-12-31,ESTIMATED,15185.019178082192,30.370038356164383,ESTIMATED,28.12040588533739,4218.060882800609,no_documented_asset,undocumented_supply,INFERRED,,scenario_kw_descending_then_node_id,"Confirm location/licensing and wheat inventory/residence; what fan airflow, static pressure, motor kW and cycle hours are documented?","TEMPORARY ENGINEERING SCENARIO. Real source locations and production, hypothetical assignment/inventory/fan duty. Parameters and methods are not human-approved for scientific use. No claim of actual electricity use, installed fans, viability or field validation.",33130.0,OBSERVED,UNKNOWN,"AAFC 2024 primary elevator/storage registry only; no fan inventory, grid audit, operator confirmation or private verification used",INFERRED,aafc-elevators-2024;scenario:phase3-engineering-v1;statcan-32100002-20261007,2024-01-01,Open Government Licence - Canada,2024-01-01,Statistics Canada Open Licence,2026-10-07
5,ca:node:c0ff6d87-ad47-5c76-88e6-165a9b448dfe,Aberdeen,SK,-106.245437151,52.3286875740001,EPSG:4326,P2,phase3-engineering-v1,temporary_engineering,ESTIMATED,184751.06666666665,2024-01-01,2024-12-31,ESTIMATED,15185.019178082192,30.370038356164383,ESTIMATED,28.12040588533739,4218.060882800609,no_documented_asset,undocumented_supply,INFERRED,,scenario_kw_descending_then_node_id,"Confirm location/licensing and wheat inventory/residence; what fan airflow, static pressure, motor kW and cycle hours are documented?","TEMPORARY ENGINEERING SCENARIO. Real source locations and production, hypothetical assignment/inventory/fan duty. Parameters and methods are not human-approved for scientific use. No claim of actual electricity use, installed fans, viability or field validation.",32240.0,OBSERVED,UNKNOWN,"AAFC 2024 primary elevator/storage registry only; no fan inventory, grid audit, operator confirmation or private verification used",INFERRED,aafc-elevators-2024;scenario:phase3-engineering-v1;statcan-32100002-20261007,2024-01-01,Open Government Licence - Canada,2024-01-01,Statistics Canada Open Licence,2026-10-07
6,ca:node:89a1d486-9e33-5e9d-806d-3255fbf127b0,White Star,SK,-105.739717199,53.3134484390001,EPSG:4326,P2,phase3-engineering-v1,temporary_engineering,ESTIMATED,167839.16666666666,2024-01-01,2024-12-31,ESTIMATED,13795.0,27.59,ESTIMATED,25.546296296296298,3831.944444444445,no_documented_asset,undocumented_supply,INFERRED,,scenario_kw_descending_then_node_id,"Confirm location/licensing and wheat inventory/residence; what fan airflow, static pressure, motor kW and cycle hours are documented?","TEMPORARY ENGINEERING SCENARIO. Real source locations and production, hypothetical assignment/inventory/fan duty. Parameters and methods are not human-approved for scientific use. No claim of actual electricity use, installed fans, viability or field validation.",27590.0,OBSERVED,UNKNOWN,"AAFC 2024 primary elevator/storage registry only; no fan inventory, grid audit, operator confirmation or private verification used",INFERRED,aafc-elevators-2024;scenario:phase3-engineering-v1;statcan-32100002-20261007,2024-01-01,Open Government Licence - Canada,2024-01-01,Statistics Canada Open Licence,2026-10-07
7,ca:node:3a44dcbc-622b-54cb-a910-929631974165,Estevan,SK,-103.0287857,49.159727651,EPSG:4326,P2,phase3-engineering-v1,temporary_engineering,ESTIMATED,167122.41666666666,2024-01-01,2024-12-31,ESTIMATED,13736.089041095891,27.472178082191782,ESTIMATED,25.437201927955353,3815.580289193303,no_documented_asset,undocumented_supply,INFERRED,,scenario_kw_descending_then_node_id,"Confirm location/licensing and wheat inventory/residence; what fan airflow, static pressure, motor kW and cycle hours are documented?","TEMPORARY ENGINEERING SCENARIO. Real source locations and production, hypothetical assignment/inventory/fan duty. Parameters and methods are not human-approved for scientific use. No claim of actual electricity use, installed fans, viability or field validation.",47170.0,OBSERVED,UNKNOWN,"AAFC 2024 primary elevator/storage registry only; no fan inventory, grid audit, operator confirmation or private verification used",INFERRED,aafc-elevators-2024;scenario:phase3-engineering-v1;statcan-32100002-20261007,2024-01-01,Open Government Licence - Canada,2024-01-01,Statistics Canada Open Licence,2026-10-07
8,ca:node:4b6f7717-42df-587c-a2dd-4e7cd4aa3a7e,Carnduff,SK,-101.731818082,49.174774906,EPSG:4326,P2,phase3-engineering-v1,temporary_engineering,ESTIMATED,167122.41666666666,2024-01-01,2024-12-31,ESTIMATED,13736.089041095891,27.472178082191782,ESTIMATED,25.437201927955353,3815.580289193303,no_documented_asset,undocumented_supply,INFERRED,,scenario_kw_descending_then_node_id,"Confirm location/licensing and wheat inventory/residence; what fan airflow, static pressure, motor kW and cycle hours are documented?","TEMPORARY ENGINEERING SCENARIO. Real source locations and production, hypothetical assignment/inventory/fan duty. Parameters and methods are not human-approved for scientific use. No claim of actual electricity use, installed fans, viability or field validation.",34790.0,OBSERVED,UNKNOWN,"AAFC 2024 primary elevator/storage registry only; no fan inventory, grid audit, operator confirmation or private verification used",INFERRED,aafc-elevators-2024;scenario:phase3-engineering-v1;statcan-32100002-20261007,2024-01-01,Open Government Licence - Canada,2024-01-01,Statistics Canada Open Licence,2026-10-07
9,ca:node:5ebf465c-90d7-5490-bc60-e5e5dfdb2e6d,Fairlight,SK,-101.708257201,49.8890671,EPSG:4326,P2,phase3-engineering-v1,temporary_engineering,ESTIMATED,167122.41666666666,2024-01-01,2024-12-31,ESTIMATED,13736.089041095891,27.472178082191782,ESTIMATED,25.437201927955353,3815.580289193303,no_documented_asset,undocumented_supply,INFERRED,,scenario_kw_descending_then_node_id,"Confirm location/licensing and wheat inventory/residence; what fan airflow, static pressure, motor kW and cycle hours are documented?","TEMPORARY ENGINEERING SCENARIO. Real source locations and production, hypothetical assignment/inventory/fan duty. Parameters and methods are not human-approved for scientific use. No claim of actual electricity use, installed fans, viability or field validation.",33280.0,OBSERVED,UNKNOWN,"AAFC 2024 primary elevator/storage registry only; no fan inventory, grid audit, operator confirmation or private verification used",INFERRED,aafc-elevators-2024;scenario:phase3-engineering-v1;statcan-32100002-20261007,2024-01-01,Open Government Licence - Canada,2024-01-01,Statistics Canada Open Licence,2026-10-07
10,ca:node:a8eba9a9-0f59-583a-a286-dc4aa3703a24,Northgate,SK,-102.2669439,49.0044547800001,EPSG:4326,P2,phase3-engineering-v1,temporary_engineering,ESTIMATED,167122.41666666666,2024-01-01,2024-12-31,ESTIMATED,13736.089041095891,27.472178082191782,ESTIMATED,25.437201927955353,3815.580289193303,no_documented_asset,undocumented_supply,INFERRED,,scenario_kw_descending_then_node_id,"Confirm location/licensing and wheat inventory/residence; what fan airflow, static pressure, motor kW and cycle hours are documented?","TEMPORARY ENGINEERING SCENARIO. Real source locations and production, hypothetical assignment/inventory/fan duty. Parameters and methods are not human-approved for scientific use. No claim of actual electricity use, installed fans, viability or field validation.",73690.0,OBSERVED,UNKNOWN,"AAFC 2024 primary elevator/storage registry only; no fan inventory, grid audit, operator confirmation or private verification used",INFERRED,aafc-elevators-2024;scenario:phase3-engineering-v1;statcan-32100002-20261007,2024-01-01,Open Government Licence - Canada,2024-01-01,Statistics Canada Open Licence,2026-10-07
